country,average_height
fr,68.09322093956955
fi,68.02517275677891
it,68.0250144566496
se,68.0143031375704
de,68.00566712108744
gb,67.98188552334943
ca,67.95204307471248
us,67.95142928117563
es,67.94818832669331
no,67.9380732784913
